Name,,Category,Type,Share settings,Actions
All-encompassing,Всеобъемлющий,Genre / Ambient,GPT,,
Atmospheric,Атмосферный,Genre / Ambient,GPT,,
Background,Фоновый,Genre / Ambient,GPT,,
Diffused,Рассеянный,Genre / Ambient,GPT,,
Encompassing,Охватывающий,Genre / Ambient,GPT,,
Enveloping,Обволакивающий,Genre / Ambient,GPT,,
Pervasive,Всепроникающий,Genre / Ambient,GPT,,
Soft,Мягкий,Genre / Ambient,GPT,,
Surrounding,Окружающий,Genre / Ambient,GPT,,
Ambient,Окружающий,Genre / Ambient,Default,,
Chicago Blues,Чикаго-блюз,Genre / Blues,GPT,,
Country Blues,Кантри-блюз,Genre / Blues,GPT,,
Delta Blues,Дельта-блюз,Genre / Blues,GPT,,
Electric Blues,Электрик-блюз,Genre / Blues,GPT,,
Jazz Blues,Джаз-блюз,Genre / Blues,GPT,,
Melancholy,Меланхолия (в переносном смысле),Genre / Blues,GPT,,
Rhythm Blues (R&B),Ритм-энд-блюз,Genre / Blues,GPT,,
Sadness,Грусть (как настроение),Genre / Blues,GPT,,
Slow Blues,Медленный блюз,Genre / Blues,GPT,,
Soul Blues,Соул-блюз,Genre / Blues,GPT,,
Blues,Блюз,Genre / Blues,Default,,
Academic,Академический,Genre / Classical,GPT,,
Baroque,Барочный,Genre / Classical,GPT,,
Chamber,Камерный,Genre / Classical,GPT,,
Classic,Классика,Genre / Classical,GPT,,
Classical,Классический,Genre / Classical,GPT,,
Cultured,Культурный,Genre / Classical,GPT,,
Elegant,Элегантный,Genre / Classical,GPT,,
Orchestral,Оркестровый,Genre / Classical,GPT,,
Refined,Изысканный,Genre / Classical,GPT,,
Sophisticated,Утончённый,Genre / Classical,GPT,,
Symphonic,Симфонический,Genre / Classical,GPT,,
Timeless,Вневременной,Genre / Classical,GPT,,
Traditional,Традиционный,Genre / Classical,GPT,,
Classical,Классический,Genre / Classical,Default,,
Fatherland,Отчизна,Genre / Country,GPT,,
Homeland,Родина,Genre / Country,GPT,,
Kingdom,Королевство,Genre / Country,GPT,,
Land,"Земля, край",Genre / Country,GPT,,
Motherland,Отечество,Genre / Country,GPT,,
Nation,Нация,Genre / Country,GPT,,
Province,Провинция,Genre / Country,GPT,,
Region,Регион,Genre / Country,GPT,,
Republic,Республика,Genre / Country,GPT,,
State,Государство,Genre / Country,GPT,,
Territory,Территория,Genre / Country,GPT,,
Country,Страна,Genre / Country,Default,,
Deep House,Дип-хаус,Genre / Dance,GPT,,
Disco,Диско,Genre / Dance,GPT,,
Drum & Bass,Драм-н-бэйс,Genre / Dance,GPT,,
Dubstep,Дабстеп,Genre / Dance,GPT,,
EDM (Electronic Dance Music),Электронная танцевальная музыка,Genre / Dance,GPT,,
Electro,Электро,Genre / Dance,GPT,,
Eurodance,Евродэнс,Genre / Dance,GPT,,
Funky House,Фанки-хаус,Genre / Dance,GPT,,
Future Bass,Фьючер-бэйс,Genre / Dance,GPT,,
Hardstyle,Хардстайл,Genre / Dance,GPT,,
House,Хаус,Genre / Dance,GPT,,
Progressive House,Прогрессив-хаус,Genre / Dance,GPT,,
Psytrance,Псайтранс,Genre / Dance,GPT,,
Techno,Техно,Genre / Dance,GPT,,
Trance,Транс,Genre / Dance,GPT,,
Trap,Трэп,Genre / Dance,GPT,,
Dance,Танец,Genre / Dance,Default,,
Ambient,Эмбиент,Genre / Electronic,GPT,,
Big Beat,Биг-бит,Genre / Electronic,GPT,,
Breakbeat,Брейкбит,Genre / Electronic,GPT,,
Chillwave,Чилвейв,Genre / Electronic,GPT,,
Digital,Цифровой,Genre / Electronic,GPT,,
Downtempo,Даунтемпо,Genre / Electronic,GPT,,
Dubstep,Дабстеп,Genre / Electronic,GPT,,
EDM (Electronic Dance Music),Электронная танцевальная музыка,Genre / Electronic,GPT,,
Electro,Электро,Genre / Electronic,GPT,,
Electroclash,Электроклэш,Genre / Electronic,GPT,,
Electronica,Электроника,Genre / Electronic,GPT,,
Experimental,Экспериментальный,Genre / Electronic,GPT,,
Future Bass,Фьючер-бэйс,Genre / Electronic,GPT,,
Glitch,Глитч,Genre / Electronic,GPT,,
Hardstyle,Хардстайл,Genre / Electronic,GPT,,
House,Хаус,Genre / Electronic,GPT,,
IDM (Intelligent Dance Music),Интеллектуальная танцевальная музыка,Genre / Electronic,GPT,,
Industrial,Индастриал,Genre / Electronic,GPT,,
Synthwave,Синтвейв,Genre / Electronic,GPT,,
Techno,Техно,Genre / Electronic,GPT,,
Trance,Транс,Genre / Electronic,GPT,,
Electronic,Электронный,Genre / Electronic,Default,,
Acoustic,Акустический,Genre / Folk,GPT,,
Americana,Американа,Genre / Folk,GPT,,
Ballad,Баллада,Genre / Folk,GPT,,
Bluegrass,Блюграсс,Genre / Folk,GPT,,
Celtic,Кельтский,Genre / Folk,GPT,,
Country Folk,Кантри-фолк,Genre / Folk,GPT,,
Ethnic,Этнический,Genre / Folk,GPT,,
Folklore,Фольклор,Genre / Folk,GPT,,
Gypsy Folk,Цыганский фолк,Genre / Folk,GPT,,
Heritage,Наследие,Genre / Folk,GPT,,
Indie Folk,Инди-фолк,Genre / Folk,GPT,,
Neo-Folk,Неофолк,Genre / Folk,GPT,,
Nordic Folk,Скандинавский фолк,Genre / Folk,GPT,,
Pastoral,Пасторальный,Genre / Folk,GPT,,
Regional,Региональный,Genre / Folk,GPT,,
Roots,Корневой,Genre / Folk,GPT,,
Singer-Songwriter,Авторская песня,Genre / Folk,GPT,,
Traditional,Традиционный,Genre / Folk,GPT,,
World Music,Музыка народов мира,Genre / Folk,GPT,,
Folk,Народ,Genre / Folk,Default,,
Acid Funk,Эйсид-фанк,Genre / Funk,GPT,,
Afro-Funk,Афро-фанк,Genre / Funk,GPT,,
Boogie,Буги,Genre / Funk,GPT,,
Disco Funk,Диско-фанк,Genre / Funk,GPT,,
Electro Funk,Электро-фанк,Genre / Funk,GPT,,
Funk Metal,Фанк-метал,Genre / Funk,GPT,,
Funk Rock,Фанк-рок,Genre / Funk,GPT,,
G-Funk (Gangsta Funk),G-фанк,Genre / Funk,GPT,,
Groove,Грув,Genre / Funk,GPT,,
Jazz Funk,Джаз-фанк,Genre / Funk,GPT,,
P-Funk (Parliament-Funkadelic),P-фанк,Genre / Funk,GPT,,
R&B Funk,Ритм-энд-блюз фанк,Genre / Funk,GPT,,
Soul Funk,Соул-фанк,Genre / Funk,GPT,,
Funk,Фанк,Genre / Funk,Default,,
Alternative Hip Hop,Альтернативный хип-хоп,Genre / Hip hop/rap,GPT,,
Boom Bap,Бум-бэп,Genre / Hip hop/rap,GPT,,
Cloud Rap,Клауд-рэп,Genre / Hip hop/rap,GPT,,
Conscious Hip Hop,Осознанный хип-хоп,Genre / Hip hop/rap,GPT,,
Crunk,Кранк,Genre / Hip hop/rap,GPT,,
Drill,Дрилл,Genre / Hip hop/rap,GPT,,
East Coast Hip Hop,Ист-Кост хип-хоп,Genre / Hip hop/rap,GPT,,
G-Funk,G-фанк,Genre / Hip hop/rap,GPT,,
Gangsta Rap,Гангста-рэп,Genre / Hip hop/rap,GPT,,
Hardcore Rap,Хардкор-рэп,Genre / Hip hop/rap,GPT,,
Hip Hop,Хип-хоп,Genre / Hip hop/rap,GPT,,
Jazz Rap,Джаз-рэп,Genre / Hip hop/rap,GPT,,
Latin Hip Hop,Латино-хип-хоп,Genre / Hip hop/rap,GPT,,
Lo-Fi Hip Hop,Лоу-фай хип-хоп,Genre / Hip hop/rap,GPT,,
Mumble Rap,Мамбл-рэп,Genre / Hip hop/rap,GPT,,
New School Hip Hop,Ньюскул хип-хоп,Genre / Hip hop/rap,GPT,,
Old School Hip Hop,Олдскул хип-хоп,Genre / Hip hop/rap,GPT,,
Rap,Рэп,Genre / Hip hop/rap,GPT,,
Southern Hip Hop,Южный хип-хоп,Genre / Hip hop/rap,GPT,,
Trap,Трэп,Genre / Hip hop/rap,GPT,,
West Coast Hip Hop,Вест-Кост хип-хоп,Genre / Hip hop/rap,GPT,,
Hip hop/rap,Хип-хоп/рэп,Genre / Hip hop/rap,Default,,
Alternative,Альтернативный,Genre / Indie,GPT,,
Dream Pop,Дрим-поп,Genre / Indie,GPT,,
Folk Indie,Инди-фолк,Genre / Indie,GPT,,
Garage Rock,Гаражный рок,Genre / Indie,GPT,,
Independent,Независимый,Genre / Indie,GPT,,
Indie Electronic,Инди-электроника,Genre / Indie,GPT,,
Indie Pop,Инди-поп,Genre / Indie,GPT,,
Indie Rock,Инди-рок,Genre / Indie,GPT,,
Lo-Fi,Лоу-фай,Genre / Indie,GPT,,
Post-Punk Revival,Пост-панк-ривайвл,Genre / Indie,GPT,,
Shoegaze,Шугейз,Genre / Indie,GPT,,
Indie,Инди,Genre / Indie,Default,,
Acid Jazz,Эйсид-джаз,Genre / Jazz,GPT,,
Avant-Garde Jazz,Авангардный джаз,Genre / Jazz,GPT,,
Bebop,Бибоп,Genre / Jazz,GPT,,
Big Band,Биг-бэнд,Genre / Jazz,GPT,,
Blues Jazz,Блюз-джаз,Genre / Jazz,GPT,,
Cool Jazz,Кул-джаз,Genre / Jazz,GPT,,
Dixieland,Диксиленд,Genre / Jazz,GPT,,
Free Jazz,Фри-джаз,Genre / Jazz,GPT,,
Fusion,Фьюжн,Genre / Jazz,GPT,,
Gypsy Jazz,Цыганский джаз,Genre / Jazz,GPT,,
Hard Bop,Хард-боп,Genre / Jazz,GPT,,
Jazz Funk,Джаз-фанк,Genre / Jazz,GPT,,
Latin Jazz,Латино-джаз,Genre / Jazz,GPT,,
Modal Jazz,Модальный джаз,Genre / Jazz,GPT,,
New Orleans Jazz,Нью-орлеанский джаз,Genre / Jazz,GPT,,
Ragtime,Регтайм,Genre / Jazz,GPT,,
Smooth Jazz,Смуз-джаз,Genre / Jazz,GPT,,
Swing,Свинг,Genre / Jazz,GPT,,
Jazz,Джаз,Genre / Jazz,Default,,
Bachata,Бачата,Genre / Latin,GPT,,
Bolero,Болеро,Genre / Latin,GPT,,
Bossa Nova,Босса-нова,Genre / Latin,GPT,,
Cumbia,Кумбия,Genre / Latin,GPT,,
Flamenco,Фламенко,Genre / Latin,GPT,,
Latin Jazz,Латино-джаз,Genre / Latin,GPT,,
Latin Music,Латиноамериканская музыка,Genre / Latin,GPT,,
Latin Pop,Латино-поп,Genre / Latin,GPT,,
Latino,Латино,Genre / Latin,GPT,,
Mambo,Мамбо,Genre / Latin,GPT,,
Merengue,Меренге,Genre / Latin,GPT,,
Reggaeton,Реггетон,Genre / Latin,GPT,,
Rumba,Румба,Genre / Latin,GPT,,
Salsa,Сальса,Genre / Latin,GPT,,
Samba,Самба,Genre / Latin,GPT,,
Tango,Танго,Genre / Latin,GPT,,
Latin,Латино,Genre / Latin,Default,,
Alternative Metal,Альтернативный метал,Genre / Metal,GPT,,
Black Metal,Блэк-метал,Genre / Metal,GPT,,
Death Metal,Дэт-метал,Genre / Metal,GPT,,
Doom Metal,Дум-метал,Genre / Metal,GPT,,
Folk Metal,Фолк-метал,Genre / Metal,GPT,,
Gothic Metal,Готик-метал,Genre / Metal,GPT,,
Groove Metal,Грув-метал,Genre / Metal,GPT,,
Heavy Metal,Хеви-метал,Genre / Metal,GPT,,
Industrial Metal,Индастриал-метал,Genre / Metal,GPT,,
Nu Metal,Ню-метал,Genre / Metal,GPT,,
Power Metal,Пауэр-метал,Genre / Metal,GPT,,
Progressive Metal,Прогрессив-метал,Genre / Metal,GPT,,
Sludge Metal,Сладж-метал,Genre / Metal,GPT,,
Speed Metal,Спид-метал,Genre / Metal,GPT,,
Symphonic Metal,Симфо-метал,Genre / Metal,GPT,,
Thrash Metal,Трэш-метал,Genre / Metal,GPT,,
Viking Metal,Викинг-метал,Genre / Metal,GPT,,
Metal,Металл,Genre / Metal,Default,,
Bubblegum Pop,Бабблгам-поп,Genre / Pop,GPT,,
Contemporary Pop,Современный поп,Genre / Pop,GPT,,
Dance Pop,Дэнс-поп,Genre / Pop,GPT,,
Electropop,Электропоп,Genre / Pop,GPT,,
Euro Pop,Евро-поп,Genre / Pop,GPT,,
Future Pop,Фьючер-поп,Genre / Pop,GPT,,
Indie Pop,Инди-поп,Genre / Pop,GPT,,
J-Pop,Джей-поп (японский поп),Genre / Pop,GPT,,
K-Pop,Кей-поп (корейский поп),Genre / Pop,GPT,,
Latin Pop,Латино-поп,Genre / Pop,GPT,,
Mainstream,Мейнстрим,Genre / Pop,GPT,,
Pop Music,Поп-музыка,Genre / Pop,GPT,,
Pop Rock,Поп-рок,Genre / Pop,GPT,,
Power Pop,Пауэр-поп,Genre / Pop,GPT,,
Soft Pop,Софт-поп,Genre / Pop,GPT,,
Synthpop,Синтипоп,Genre / Pop,GPT,,
Teen Pop,Тин-поп,Genre / Pop,GPT,,
Top 40,Топ-40,Genre / Pop,GPT,,
Pop,Поп,Genre / Pop,Default,,
Anarcho-Punk,Анархо-панк,Genre / Punk,GPT,,
Art Punk,Арт-панк,Genre / Punk,GPT,,
Crust Punk,Краст-панк,Genre / Punk,GPT,,
Cyberpunk Rock,Киберпанк-рок,Genre / Punk,GPT,,
Emo Punk,Эмо-панк,Genre / Punk,GPT,,
Folk Punk,Фолк-панк,Genre / Punk,GPT,,
Garage Punk,Гаражный панк,Genre / Punk,GPT,,
Glam Punk,Глэм-панк,Genre / Punk,GPT,,
Grindcore,Грайндкор,Genre / Punk,GPT,,
Hardcore Punk,Хардкор-панк,Genre / Punk,GPT,,
Horror Punk,Хоррор-панк,Genre / Punk,GPT,,
Oi! Punk,Ой! панк,Genre / Punk,GPT,,
Pop Punk,Поп-панк,Genre / Punk,GPT,,
Post-Punk,Пост-панк,Genre / Punk,GPT,,
Psychobilly,Психобилли,Genre / Punk,GPT,,
Punk Rock,Панк-рок,Genre / Punk,GPT,,
Queercore,Квиркор,Genre / Punk,GPT,,
Ska Punk,Ска-панк,Genre / Punk,GPT,,
Street Punk,Стрит-панк,Genre / Punk,GPT,,
Punk,Панк,Genre / Punk,Default,,
Alternative R&B,Альтернативный R&B,Genre / R&B,GPT,,
Blues,Блюз,Genre / R&B,GPT,,
Contemporary R&B,Современный R&B,Genre / R&B,GPT,,
Funk,Фанк,Genre / R&B,GPT,,
Gospel,Госпел,Genre / R&B,GPT,,
Hip-Hop Soul,Хип-хоп соул,Genre / R&B,GPT,,
Neo-Soul,Нео-соул,Genre / R&B,GPT,,
New Jack Swing,Нью-джек-свинг,Genre / R&B,GPT,,
Quiet Storm,Квайет-сторм,Genre / R&B,GPT,,
R&B (Rhythm and Blues),Ритм-энд-блюз (Р&Б),Genre / R&B,GPT,,
Smooth R&B,Смуз R&B,Genre / R&B,GPT,,
Soul,Соул,Genre / R&B,GPT,,
Trap Soul,Трэп-соул,Genre / R&B,GPT,,
Urban Music,Урбан-музыка,Genre / R&B,GPT,,
R&B,Р&Б,Genre / R&B,Default,,
Calypso,Калипсо,Genre / Reggae,GPT,,
Dancehall,Дэнсхолл,Genre / Reggae,GPT,,
Dub,Даб,Genre / Reggae,GPT,,
Dubstep Reggae,Дабстеп-регги,Genre / Reggae,GPT,,
Lovers Rock,Ловерс-рок,Genre / Reggae,GPT,,
Mento,Менто,Genre / Reggae,GPT,,
Ragga,Рагга,Genre / Reggae,GPT,,
Reggae,Регги,Genre / Reggae,GPT,,
Reggaeton,Реггетон,Genre / Reggae,GPT,,
Rocksteady,Рокстеди,Genre / Reggae,GPT,,
Roots Reggae,Рутс-регги,Genre / Reggae,GPT,,
Ska,Ска,Genre / Reggae,GPT,,
Steppers,Степперс,Genre / Reggae,GPT,,
Reggae,Регги,Genre / Reggae,Default,,
Alternative Rock,Альтернативный рок,Genre / Rock,GPT,,
Blues Rock,Блюз-рок,Genre / Rock,GPT,,
Classic Rock,Классический рок,Genre / Rock,GPT,,
Folk Rock,Фолк-рок,Genre / Rock,GPT,,
Garage Rock,Гаражный рок,Genre / Rock,GPT,,
Glam Rock,Глэм-рок,Genre / Rock,GPT,,
Grunge,Гранж,Genre / Rock,GPT,,
Hard Rock,Хард-рок,Genre / Rock,GPT,,
Indie Rock,Инди-рок,Genre / Rock,GPT,,
Industrial Rock,Индастриал-рок,Genre / Rock,GPT,,
Metal,Метал,Genre / Rock,GPT,,
Post-Rock,Пост-рок,Genre / Rock,GPT,,
Progressive Rock,Прогрессив-рок,Genre / Rock,GPT,,
Psychedelic Rock,Психоделический рок,Genre / Rock,GPT,,
Punk Rock,Панк-рок,Genre / Rock,GPT,,
Rock & Roll,Рок-н-ролл,Genre / Rock,GPT,,
Southern Rock,Южный рок,Genre / Rock,GPT,,
Stoner Rock,Стоунер-рок,Genre / Rock,GPT,,
Symphonic Rock,Симфо-рок,Genre / Rock,GPT,,
Rock,Рок,Genre / Rock,Default,,
Acoustic Artist,Акустический исполнитель,Genre / Singer/songwriter,GPT,,
Balladeer,Балладник,Genre / Singer/songwriter,GPT,,
Bard,Бард,Genre / Singer/songwriter,GPT,,
Composer,Композитор,Genre / Singer/songwriter,GPT,,
Folk Poet,Фольклорный поэт,Genre / Singer/songwriter,GPT,,
Folk Singer,Фолк-певец,Genre / Singer/songwriter,GPT,,
Indie Artist,Инди-исполнитель,Genre / Singer/songwriter,GPT,,
Lyricist,Автор текстов песен,Genre / Singer/songwriter,GPT,,
Minstrel,Менестрель,Genre / Singer/songwriter,GPT,,
Poet-Musician,Поэт-музыкант,Genre / Singer/songwriter,GPT,,
Solo Artist,Соло-исполнитель,Genre / Singer/songwriter,GPT,,
Storyteller,Рассказчик (в песнях),Genre / Singer/songwriter,GPT,,
Troubadour,Трубадур,Genre / Singer/songwriter,GPT,,
Vocalist,Вокалист,Genre / Singer/songwriter,GPT,,
Singer/songwriter,Певец/автор песен,Genre / Singer/songwriter,Default,,
Blue-eyed Soul,Белый соул,Genre / Soul,GPT,,
Contemporary R&B,Современный R&B,Genre / Soul,GPT,,
Funk,Фанк,Genre / Soul,GPT,,
Gospel,Госпел,Genre / Soul,GPT,,
Motown Sound,Мотаун-саунд,Genre / Soul,GPT,,
Neo-Soul,Нео-соул,Genre / Soul,GPT,,
Quiet Storm,Квайет-сторм,Genre / Soul,GPT,,
R&B (Rhythm and Blues),Ритм-энд-блюз,Genre / Soul,GPT,,
Southern Soul,Южный соул,Genre / Soul,GPT,,
Soul,Душа,Genre / Soul,Default,,
Aged,Старинный,Genre / Vintage,GPT,,
Antique,Антикварный,Genre / Vintage,GPT,,
Classic,Классический,Genre / Vintage,GPT,,
Heritage,Исторический,Genre / Vintage,GPT,,
Heritage,Наследие,Genre / Vintage,GPT,,
Nostalgic,Ностальгический,Genre / Vintage,GPT,,
Old-fashioned,Старомодный,Genre / Vintage,GPT,,
Old-school,Олдскульный,Genre / Vintage,GPT,,
Retro,Ретро,Genre / Vintage,GPT,,
Retro-style,Ретро-стиль,Genre / Vintage,GPT,,
Rustic,Рустикальный,Genre / Vintage,GPT,,
Throwback,Ретроспективный,Genre / Vintage,GPT,,
Timeless,Вневременной,Genre / Vintage,GPT,,
Traditional,Традиционный,Genre / Vintage,GPT,,
Vintage,Винтаж,Genre / Vintage,Default,,
Civilization,Цивилизация,Genre / World,GPT,,
Cosmos,Космос,Genre / World,GPT,,
Domain,"Область, сфера",Genre / World,GPT,,
Earth,Земля,Genre / World,GPT,,
Existence,Существование,Genre / World,GPT,,
Globe,Глобус,Genre / World,GPT,,
Kingdom,Королевство,Genre / World,GPT,,
Planet,Планета,Genre / World,GPT,,
Realm,"Царство, мир",Genre / World,GPT,,
Society,Общество,Genre / World,GPT,,
Sphere,"Сфера, область",Genre / World,GPT,,
Universe,Вселенная,Genre / World,GPT,,
World,Мир,Genre / World,Default,,
Classical Guitar,Классическая гитара,Instrument / Acoustic guitar,GPT,,
Dreadnought Guitar,Дредноут-гитара,Instrument / Acoustic guitar,GPT,,
Electro-Acoustic Guitar,Электроакустическая гитара,Instrument / Acoustic guitar,GPT,,
Fingerstyle Guitar,Гитара для фингерстайла,Instrument / Acoustic guitar,GPT,,
Flamenco Guitar,Фламенко-гитара,Instrument / Acoustic guitar,GPT,,
Folk Guitar,Фолк-гитара,Instrument / Acoustic guitar,GPT,,
Jumbo Guitar,Джамбо-гитара,Instrument / Acoustic guitar,GPT,,
Nylon-String Guitar,Гитара с нейлоновыми струнами,Instrument / Acoustic guitar,GPT,,
Parlor Guitar,Парлор-гитара,Instrument / Acoustic guitar,GPT,,
Resonator Guitar,Резонаторная гитара,Instrument / Acoustic guitar,GPT,,
Steel-String Guitar,Гитара с металлическими струнами,Instrument / Acoustic guitar,GPT,,
Twelve-String Guitar,Двенадцатиструнная гитара,Instrument / Acoustic guitar,GPT,,
Acoustic guitar,Акустическая гитара,Instrument / Acoustic guitar,Default,,
5-String Bass,Пятиструнный бас,Instrument / Bass,GPT,,
6-String Bass,Шестиструнный бас,Instrument / Bass,GPT,,
Acoustic Bass,Акустический бас,Instrument / Bass,GPT,,
Bass Guitar,Бас-гитара,Instrument / Bass,GPT,,
Double Bass (Upright Bass),Контрабас,Instrument / Bass,GPT,,
Electric Bass,Электробас,Instrument / Bass,GPT,,
Fretless Bass,Безладовый бас,Instrument / Bass,GPT,,
Funk Bass,Фанк-бас,Instrument / Bass,GPT,,
Short Scale Bass,Бас с короткой мензурой,Instrument / Bass,GPT,,
Slap Bass,Слэп-бас,Instrument / Bass,GPT,,
Synth Bass,Синтезаторный бас,Instrument / Bass,GPT,,
Bass,Бас,Instrument / Bass,Default,,
A Clarinet,Ля кларнет,Instrument / Clarinet,GPT,,
Alto Clarinet,Альтовый кларнет,Instrument / Clarinet,GPT,,
Bass Clarinet,Бас-кларнет,Instrument / Clarinet,GPT,,
Bb Clarinet,Си-бемоль кларнет,Instrument / Clarinet,GPT,,
C Clarinet,До кларнет,Instrument / Clarinet,GPT,,
Contra-Alto Clarinet,Контральтовый кларнет,Instrument / Clarinet,GPT,,
Contrabass Clarinet,Контрабас-кларнет,Instrument / Clarinet,GPT,,
E♭ Clarinet,Малый ми-бемоль кларнет,Instrument / Clarinet,GPT,,
Clarinet,Кларнет,Instrument / Clarinet,Default,,
Bass Drum (Kick Drum),Бас-барабан (Кик),Instrument / Drums,GPT,,
China Cymbal,Китайская тарелка,Instrument / Drums,GPT,,
Crash Cymbal,Крэш-тарелка,Instrument / Drums,GPT,,
Cymbals,Тарелки,Instrument / Drums,GPT,,
Drum Kit,Ударная установка,Instrument / Drums,GPT,,
Electronic Drums,Электронные барабаны,Instrument / Drums,GPT,,
Floor Tom,Напольный том,Instrument / Drums,GPT,,
Hand Drums,Ручные барабаны,Instrument / Drums,GPT,,
Hi-Hat,Хай-хэт,Instrument / Drums,GPT,,
Ride Cymbal,Райд-тарелка,Instrument / Drums,GPT,,
Snare Drum,Малый барабан,Instrument / Drums,GPT,,
Splash Cymbal,Сплэш-тарелка,Instrument / Drums,GPT,,
Tom-Tom,Том-том,Instrument / Drums,GPT,,
Drums,Барабаны,Instrument / Drums,Default,,
7-String Guitar,Семиструнная гитара,Instrument / Electric guitar,GPT,,
8-String Guitar,Восьмиструнная гитара,Instrument / Electric guitar,GPT,,
Baritone Guitar,Баритоновая гитара,Instrument / Electric guitar,GPT,,
Electric Guitar,Электрогитара,Instrument / Electric guitar,GPT,,
Headless Guitar,Безголовая гитара,Instrument / Electric guitar,GPT,,
Hollow-Body Guitar,Акустическая электрогитара,Instrument / Electric guitar,GPT,,
Jazz Guitar,Джазовая гитара,Instrument / Electric guitar,GPT,,
Les Paul,Лес Пол,Instrument / Electric guitar,GPT,,
Multiscale Guitar,Мультигрифовая гитара,Instrument / Electric guitar,GPT,,
Semi-Hollow Guitar,Полуакустическая гитара,Instrument / Electric guitar,GPT,,
SG Guitar,SG-гитара,Instrument / Electric guitar,GPT,,
Solid-Body Guitar,Гитара с цельным корпусом,Instrument / Electric guitar,GPT,,
Stratocaster (Strat),Стратокастер (Страт),Instrument / Electric guitar,GPT,,
Superstrat,Суперстрат,Instrument / Electric guitar,GPT,,
Telecaster (Tele),Телекастер (Теле),Instrument / Electric guitar,GPT,,
Electric guitar,Электрогитара,Instrument / Electric guitar,Default,,
Alto Flute,Альтовая флейта,Instrument / Flute,GPT,,
Bamboo Flute,Бамбуковая флейта,Instrument / Flute,GPT,,
Bass Flute,Басовая флейта,Instrument / Flute,GPT,,
Concert Flute,Концертная флейта,Instrument / Flute,GPT,,
Contrabass Flute,Контрабас-флейта,Instrument / Flute,GPT,,
Dizi,Китайская флейта (дизи),Instrument / Flute,GPT,,
Glass Flute,Стеклянная флейта,Instrument / Flute,GPT,,
Native American Flute,Флейта коренных американцев,Instrument / Flute,GPT,,
Pan Flute (Panpipes),Пан-флейта,Instrument / Flute,GPT,,
Piccolo Flute,Пикколо-флейта,Instrument / Flute,GPT,,
Shakuhachi,Сякухати (японская флейта),Instrument / Flute,GPT,,
Tin Whistle,Ирландская свирель (тин-вистл),Instrument / Flute,GPT,,
Wooden Flute,Деревянная флейта,Instrument / Flute,GPT,,
Flute,Флейта,Instrument / Flute,Default,,
Brass Instruments,Медные духовые,Instrument / Horns,GPT,,
Cornet,Корнет,Instrument / Horns,GPT,,
Euphonium,Эуфониум,Instrument / Horns,GPT,,
Flugelhorn,Флюгельгорн,Instrument / Horns,GPT,,
French Horn,Валторна,Instrument / Horns,GPT,,
Sousaphone,Сузофон,Instrument / Horns,GPT,,
Trombone,Тромбон,Instrument / Horns,GPT,,
Trumpet,Труба,Instrument / Horns,GPT,,
Tuba,Туба,Instrument / Horns,GPT,,
Horns,Медные духовые инструменты,Instrument / Horns,Default,,
Clavinet,Клавинет,Instrument / Keyboard,GPT,,
Digital Piano,Цифровое пианино,Instrument / Keyboard,GPT,,
Electric Keyboard,Электронная клавиатура,Instrument / Keyboard,GPT,,
Grand Piano,Рояль,Instrument / Keyboard,GPT,,
Hammond Organ,Орган Хаммонд,Instrument / Keyboard,GPT,,
Harpsichord,Клавесин,Instrument / Keyboard,GPT,,
Mellotron,Меллотрон,Instrument / Keyboard,GPT,,
Organ,Орган,Instrument / Keyboard,GPT,,
Piano,Пианино,Instrument / Keyboard,GPT,,
Synthesizer,Синтезатор,Instrument / Keyboard,GPT,,
Upright Piano,Вертикальное пианино,Instrument / Keyboard,GPT,,
Workstation Keyboard,Музыкальная рабочая станция,Instrument / Keyboard,GPT,,
Keyboard,Клавиатура,Instrument / Keyboard,Default,,
Ballet Orchestra,Балетный оркестр,Instrument / Orchestral,GPT,,
Chamber Music,Камерная музыка,Instrument / Orchestral,GPT,,
Classical,Классический,Instrument / Orchestral,GPT,,
Concert Orchestra,Концертный оркестр,Instrument / Orchestral,GPT,,
Film Score Orchestra,Кинооркестр,Instrument / Orchestral,GPT,,
Opera Orchestra,Оперный оркестр,Instrument / Orchestral,GPT,,
Philharmonic,Филармонический,Instrument / Orchestral,GPT,,
Symphonic,Симфонический,Instrument / Orchestral,GPT,,
Orchestral,Оркестровый,Instrument / Orchestral,Default,,
Drums,Барабаны,Instrument / Percussion,GPT,,
Hand Percussion,Ручная перкуссия,Instrument / Percussion,GPT,,
Orchestral Percussion,Оркестровая перкуссия,Instrument / Percussion,GPT,,
Percussion,Перкуссия,Instrument / Percussion,GPT,,
Percussion Instruments,Ударные инструменты,Instrument / Percussion,GPT,,
Rhythm Section,Ритм-секция,Instrument / Percussion,GPT,,
World Percussion,Этническая перкуссия,Instrument / Percussion,GPT,,
Percussion,Ударные инструменты,Instrument / Percussion,Default,,
Baby Grand Piano,Малый рояль,Instrument / Piano,GPT,,
Concert Grand Piano,Концертный рояль,Instrument / Piano,GPT,,
Console Piano,Консольное пианино,Instrument / Piano,GPT,,
Digital Piano,Цифровое пианино,Instrument / Piano,GPT,,
Electric Piano,Электропианино,Instrument / Piano,GPT,,
Grand Piano,Рояль,Instrument / Piano,GPT,,
Keyboard,Клавишный инструмент,Instrument / Piano,GPT,,
Piano,Фортепиано,Instrument / Piano,GPT,,
Player Piano,Автоматическое пианино (пианино с роликами),Instrument / Piano,GPT,,
Spinet Piano,Спинет (маленькое пианино),Instrument / Piano,GPT,,
Stage Piano,Сценическое пианино,Instrument / Piano,GPT,,
Synthesizer,Синтезатор,Instrument / Piano,GPT,,
Upright Piano,Вертикальное пианино,Instrument / Piano,GPT,,
Piano,фортепиано,Instrument / Piano,Default,,
Alto Saxophone,Альтовый саксофон,Instrument / Saxophone,GPT,,
Baritone Saxophone,Баритоновый саксофон,Instrument / Saxophone,GPT,,
Bass Saxophone,Бас-саксофон,Instrument / Saxophone,GPT,,
C Melody Saxophone,Си-мелоди саксофон,Instrument / Saxophone,GPT,,
Contrabass Saxophone,Контрабас-саксофон,Instrument / Saxophone,GPT,,
Sopranino Saxophone,Сопранино-саксофон,Instrument / Saxophone,GPT,,
Soprano Saxophone,Сопрано-саксофон,Instrument / Saxophone,GPT,,
Tenor Saxophone,Теноровый саксофон,Instrument / Saxophone,GPT,,
Saxophone,Саксофон,Instrument / Saxophone,Default,,
Bass Strings,Басовые струны,Instrument / Strings,GPT,,
Flatwound Strings,Плоскообмоточные струны,Instrument / Strings,GPT,,
Guitar Strings,Гитарные струны,Instrument / Strings,GPT,,
Nylon Strings,Нейлоновые струны,Instrument / Strings,GPT,,
Roundwound Strings,Круглообмоточные струны,Instrument / Strings,GPT,,
Steel Strings,Металлические струны,Instrument / Strings,GPT,,
String Instruments,Струнные инструменты,Instrument / Strings,GPT,,
Violin Strings,Скрипичные струны,Instrument / Strings,GPT,,
Wound Strings,Обрезиненные/обмотанные струны,Instrument / Strings,GPT,,
Strings,Строки,Instrument / Strings,Default,,
Additive Synth,Аддитивный синтезатор,Instrument / Synth,GPT,,
Analog Synth,Аналоговый синтезатор,Instrument / Synth,GPT,,
Digital Synth,Цифровой синтезатор,Instrument / Synth,GPT,,
FM Synth,FM-синтезатор,Instrument / Synth,GPT,,
Granular Synth,Гранулярный синтезатор,Instrument / Synth,GPT,,
Modular Synth,Модульный синтезатор,Instrument / Synth,GPT,,
Semi-Modular Synth,Полумодульный синтезатор,Instrument / Synth,GPT,,
Subtractive Synth,Вычитающий синтезатор,Instrument / Synth,GPT,,
Synthesizer,Синтезатор,Instrument / Synth,GPT,,
VA Synth (Virtual Analog),Виртуально-аналоговый синтезатор,Instrument / Synth,GPT,,
Wavetable Synth,Вейвтейбл-синтезатор,Instrument / Synth,GPT,,
Workstation Synth,Синтезатор-рабочая станция,Instrument / Synth,GPT,,
Synth,Синтезатор,Instrument / Synth,Default,,
Ambient Synth,Эмбиент-синтезатор,Instrument / Trumpet,GPT,,
Electropop,Электропоп,Instrument / Trumpet,GPT,,
Industrial Synth,Индастриал-синтезатор,Instrument / Trumpet,GPT,,
Progressive Synth,Прогрессивный синтезатор,Instrument / Trumpet,GPT,,
Synthpop,Синтипоп,Instrument / Trumpet,GPT,,
Synthwave,Синтвейв,Instrument / Trumpet,GPT,,
Techno Synth,Техно-синтезатор,Instrument / Trumpet,GPT,,
Trumpet,Труба,Instrument / Trumpet,Default,,
Betrayal,Предательство,Lyric themes,Default,,
Celebration,Празднование,Lyric themes,Default,,
Change,Изменять,Lyric themes,Default,,
Christmas,Рождество,Lyric themes,Default,,
Confidence,Уверенность,Lyric themes,Default,,
Conflict,Конфликт,Lyric themes,Default,,
Connection,Связь,Lyric themes,Default,,
Death,Смерть,Lyric themes,Default,,
Desire,Желание,Lyric themes,Default,,
Destiny,Судьба,Lyric themes,Default,,
Discovery,Открытие,Lyric themes,Default,,
Dream,Мечтать,Lyric themes,Default,,
Empowerment,Расширение прав и возможностей,Lyric themes,Default,,
Energy,Энергия,Lyric themes,Default,,
Escape,Побег,Lyric themes,Default,,
Faith,Вера,Lyric themes,Default,,
Family,Семья,Lyric themes,Default,,
Fear,Страх,Lyric themes,Default,,
Freedom,Свобода,Lyric themes,Default,,
Friendship,Дружба,Lyric themes,Default,,
Fun,Веселье,Lyric themes,Default,,
Gratitude,Благодарность,Lyric themes,Default,,
Happiness,Счастье,Lyric themes,Default,,
Heartbreak,Разбитое сердце,Lyric themes,Default,,
Home,Дом,Lyric themes,Default,,
Hope,Надеяться,Lyric themes,Default,,
Identity,Личность,Lyric themes,Default,,
Individuality,Индивидуальность,Lyric themes,Default,,
Life,Жизнь,Lyric themes,Default,,
Loneliness,Одиночество,Lyric themes,Default,,
Longing,Тоска,Lyric themes,Default,,
Loss,Потеря,Lyric themes,Default,,
Money,Деньги,Lyric themes,Default,,
Nature,Природа,Lyric themes,Default,,
New beginning,Новое начало,Lyric themes,Default,,
Nostalgia,Ностальгия,Lyric themes,Default,,
Pain,Боль,Lyric themes,Default,,
Party,Вечеринка,Lyric themes,Default,,
Power,Власть,Lyric themes,Default,,
Rebellion,Восстание,Lyric themes,Default,,
Regret,Сожалеть,Lyric themes,Default,,
Relationship,Отношение,Lyric themes,Default,,
Romance,Романтика,Lyric themes,Default,,
Strength,Сила,Lyric themes,Default,,
Struggle,Борьба,Lyric themes,Default,,
Success,Успех,Lyric themes,Default,,
Survival,Выживание,Lyric themes,Default,,
Time,Время,Lyric themes,Default,,
Together,Вместе,Lyric themes,Default,,
Unity,Единство,Lyric themes,Default,,
Believe,Полагать,Lyric themes,Custom,,
Better,Лучше,Lyric themes,Custom,,
Children,Дети,Lyric themes,Custom,,
Holiday,Праздничный день,Lyric themes,Custom,,
Magic,Магия,Lyric themes,Custom,,
Challenge,Испытание,Lyric themes / Adventure,GPT,,
Escapade,Авантюра,Lyric themes / Adventure,GPT,,
Excursion,Открытие,Lyric themes / Adventure,GPT,,
Expedition,Поход,Lyric themes / Adventure,GPT,,
Exploration,Экспедиция,Lyric themes / Adventure,GPT,,
Journey,Исследование,Lyric themes / Adventure,GPT,,
Odyssey,Странствие,Lyric themes / Adventure,GPT,,
Quest,Путешествие,Lyric themes / Adventure,GPT,,
Thrill,Выходка,Lyric themes / Adventure,GPT,,
Voyage,Одиссея,Lyric themes / Adventure,GPT,,
Adventure,Приключение,Lyric themes / Adventure,Default,,
Aspiration,Стремление,Lyric themes / Ambition,GPT,,
Commitment,Преданность делу,Lyric themes / Ambition,GPT,,
Determination,Решимость,Lyric themes / Ambition,GPT,,
Drive,Напористость,Lyric themes / Ambition,GPT,,
Goal,Цель,Lyric themes / Ambition,GPT,,
Hustle,Упорный труд,Lyric themes / Ambition,GPT,,
Motivation,Мотивация,Lyric themes / Ambition,GPT,,
Passion,Страсть,Lyric themes / Ambition,GPT,,
Perseverance,Настойчивость,Lyric themes / Ambition,GPT,,
Vision,Видение,Lyric themes / Ambition,GPT,,
Ambition,Амбиции,Lyric themes / Ambition,Default,,
Adoration,Обожание,Lyric themes / Love,GPT,,
Affection,Привязанность,Lyric themes / Love,GPT,,
Attachment,Привязанность,Lyric themes / Love,GPT,,
Desire,Желание,Lyric themes / Love,GPT,,
Devotion,Преданность,Lyric themes / Love,GPT,,
Fondness,Нежность,Lyric themes / Love,GPT,,
Infatuation,Влюбленность,Lyric themes / Love,GPT,,
Love,Любовь,Lyric themes / Love,GPT,,
Passion,Страсть,Lyric themes / Love,GPT,,
Romance,Романтика,Lyric themes / Love,GPT,,
Love,Любовь,Lyric themes / Love,Default,,
Anthemic,Гимновая,Mood/feel,Default,,
Atmospheric,Атмосферная,Mood/feel,Default,,
Bright,Яркая,Mood/feel,Default,,
Building,Развивающаяся,Mood/feel,Default,,
Catchy,Запоминающаяся,Mood/feel,Default,,
Cinematic,Кинематографичная,Mood/feel,Default,,
Confident,Уверенная,Mood/feel,Default,,
Cool,Стильная,Mood/feel,Default,,
Dark,Тёмная,Mood/feel,Default,,
Dramatic,Драматичная,Mood/feel,Default,,
Dreamy,Мечтательная,Mood/feel,Default,,
Driving,Вождение,Mood/feel,Default,,
Emotive,Эмоциональная,Mood/feel,Default,,
Energetic,Энергичная,Mood/feel,Default,,
Epic,Эпичная,Mood/feel,Default,,
Gritty,Жёсткая,Mood/feel,Default,,
Happy,Счастливая,Mood/feel,Default,,
Hopeful,Обнадёживающая,Mood/feel,Default,,
Intense,Напряжённая,Mood/feel,Default,,
Light,Лёгкая,Mood/feel,Default,,
Minimal,Минималистичная,Mood/feel,Default,,
Moody,Переменчивая,Mood/feel,Default,,
Mysterious,Таинственная,Mood/feel,Default,,
Party,Вечеринка,Mood/feel,Default,,
Percussive,Ритмично-ударная,Mood/feel,Default,,
Playful,Игривая,Mood/feel,Default,,
Positive,Позитивная,Mood/feel,Default,,
Powerful,Мощная,Mood/feel,Default,,
Quirky,Причудливая,Mood/feel,Default,,
Reflective,Задумчивая,Mood/feel,Default,,
Retro,Ретро,Mood/feel,Default,,
Rhythmic,Ритмичная,Mood/feel,Default,,
Romantic,Романтичная,Mood/feel,Default,,
Sad,Грустная,Mood/feel,Default,,
Sexy,Сексуальная,Mood/feel,Default,,
Swagger,Дерзкая,Mood/feel,Default,,
Tension,Тревожная,Mood/feel,Default,,
Upbeat,Оптимистичная,Mood/feel,Default,,
Uplifting,Воодушевляющая,Mood/feel,Default,,
Warm,Тёплая,Mood/feel,Default,,
Amusement,Забавная,Mood/feel / Fun,GPT,,
Cheerfulness,Бодрая,Mood/feel / Fun,GPT,,
Enjoyment,Удовлетворяющая,Mood/feel / Fun,GPT,,
Excitement,Восторженная,Mood/feel / Fun,GPT,,
Fun,Весёлая,Mood/feel / Fun,GPT,,
Happiness,Счастливая,Mood/feel / Fun,GPT,,
Joy,Радостная,Mood/feel / Fun,GPT,,
Laughter,Смешная,Mood/feel / Fun,GPT,,
Merriment,Забавная,Mood/feel / Fun,GPT,,
Pleasure,Насыщенная,Mood/feel / Fun,GPT,,
Fun,Весёлая,Mood/feel / Fun,Default,,
Downtempo,Даунтемпо,Tempo,Default,,
Fast,Быстрый,Tempo,Default,,
Midtempo,Средний темп,Tempo,Default,,
Slow,Медленный,Tempo,Default,,
Uptempo,Быстрый темп,Tempo,Default,,
Demo,Демо,Type,Default,,
Focus track,Фокусировка трека,Type,Default,,
Mainstream,Основной поток,Type,Default,,
One stop,Одна остановка,Type,Default,,
Recognizable,Узнаваемый,Type,Default,,
Rerecord,Перезапись,Type,Default,,
Samples,Сэмплы,Type,Default,,
Score,Счет,Type,Default,,
Sound design,Звуковое оформление,Type,Default,,
Acoustic Cover,Акустический кавер,Type / Cover,GPT,,
Arrangement,Аранжировка,Type / Cover,GPT,,
Cover Song,Кавер-песня,Type / Cover,GPT,,
Cover Version,Кавер-версия,Type / Cover,GPT,,
Live Cover,Живой кавер,Type / Cover,GPT,,
Rearrangement,Новая аранжировка,Type / Cover,GPT,,
Reinterpretation,Переосмысление,Type / Cover,GPT,,
Remake,Ремейк,Type / Cover,GPT,,
Tribute,Трибьют (посвящение оригиналу),Type / Cover,GPT,,
Cover,Кавер версия,Type / Cover,Default,,
Commercial-Ready,Готово для коммерческого использования,Type / Easy-clear,GPT,,
Easy-Clear,Легко очистить (в смысле лицензирования),Type / Easy-clear,GPT,,
Hassle-Free Licensing,Лицензирование без сложностей,Type / Easy-clear,GPT,,
Library Music,Музыка из каталога (для лицензирования),Type / Easy-clear,GPT,,
Music Rights Cleared,Права на музыку очищены,Type / Easy-clear,GPT,,
One-Stop Licensing,Одноступенчатая лицензия,Type / Easy-clear,GPT,,
Pre-Cleared Music,Предварительно очищенная музыка,Type / Easy-clear,GPT,,
Quick Clearance,Быстрое одобрение лицензии,Type / Easy-clear,GPT,,
Royalty-Free Music,Музыка без роялти,Type / Easy-clear,GPT,,
Sync-Ready,Готово для синхронизации,Type / Easy-clear,GPT,,
Easy-clear,Легко очищается,Type / Easy-clear,Default,,
Background Music (BGM),Фоновая музыка,Type / Soundtrack,GPT,,
Film Score,Фильмовая партитура,Type / Soundtrack,GPT,,
Game Soundtrack,Игровой саундтрек,Type / Soundtrack,GPT,,
Incidental Music,Инцидентальная музыка (подчеркивает события),Type / Soundtrack,GPT,,
Motion Picture Soundtrack,Киносаундтрек,Type / Soundtrack,GPT,,
Original Soundtrack (OST),Оригинальный саундтрек (OST),Type / Soundtrack,GPT,,
Score,Инструментальная музыка (саундтрек),Type / Soundtrack,GPT,,
Theme Music,Тематическая музыка,Type / Soundtrack,GPT,,
TV Soundtrack,Саундтрек к сериалу,Type / Soundtrack,GPT,,
Soundtrack,Саундтрек,Type / Soundtrack,Default,,
Bumper,Бампер (короткая музыкальная вставка),Type / Sting,GPT,,
Ident,"Идентификационный звук (логотип компании, бренда)",Type / Sting,GPT,,
Jingle,Рекламный джингл,Type / Sting,GPT,,
Logo Sound,Звуковой логотип,Type / Sting,GPT,,
Musical Sting,Музыкальный джингл,Type / Sting,GPT,,
Sweeper,Короткая звуковая заставка (в радио/ТВ),Type / Sting,GPT,,
Tagline Sound,Музыкальный слоган,Type / Sting,GPT,,
Transition Sound,Звуковая перебивка,Type / Sting,GPT,,
Sting,Джингл,Type / Sting,Default,,
A cappella,Акапелла,Vocals,Default,,
Background vocals,Бэк-вокал,Vocals,Default,,
Choir,Хор,Vocals,Default,,
Clean,Чистый,Vocals,Default,,
Duet,Дуэт,Vocals,Default,,
Explicit,Явный,Vocals,Default,,
Female vocal,Женский вокал,Vocals,Default,,
Foreign language,Иностранный язык,Vocals,Default,,
French language,французский язык,Vocals,Default,,
German language,немецкий язык,Vocals,Default,,
Harmonies,Гармонии,Vocals,Default,,
Instrumental,Инструментальный,Vocals,Default,,
Male vocal,Мужской вокал,Vocals,Default,,
Oohs,Ооо,Vocals,Default,,
Spanish language,испанский язык,Vocals,Default,,
Whispering,Шепот,Vocals,Default,,
Whistling,Свист,Vocals,Default,,